{
    "SMM": [
        0.7976612217501877,
        0.8865126670743901,
        0.9987976982905432
    ],
    "MGUS": [
        0.2197995660828324,
        0.6625157876850336,
        0.7732093159317209
    ],
    "MM": [
        0.8004936186423958,
        0.47703363533737203,
        0.9579547196007522
    ]
}