{"SMM": [0.20125317221201128, 0.6907920815379025, 0.47966761189275336], "MGUS": [0.2197995660828324, 0.6625157876850336, 0.7732093159317209], "MM": [0.8004936186423958, 0.47703363533737203, 0.9579547196007522]}