{
    "MM_BD": [
        0.9677975592919913,
        0.44127456009157356,
        0.5358103155058701
    ],
    "MM_noBD": [
        0.6804189127793346,
        0.6151497514677574,
        0.19405452111445337
    ],
    "SMM": [
        0.7976612217501877,
        0.8865126670743901,
        0.9987976982905432
    ],
    "MGUS": [
        0.2197995660828324,
        0.6625157876850336,
        0.7732093159317209
    ]
}