{"MM_BD": [0.9677975592919913, 0.44127456009157356, 0.5358103155058701], "MM_noBD": [0.6804189127793346, 0.6151497514677574, 0.19405452111445337], "SMM": [0.20125317221201128, 0.6907920815379025, 0.47966761189275336], "MGUS": [0.2197995660828324, 0.6625157876850336, 0.7732093159317209]}