{
    "ADAPTIVE_IMMUNE": [
        0.4,
        0.7607843137254902,
        0.6470588235294118
    ],
    "ADIPOCYTES_PC": [
        0.9882352941176471,
        0.5529411764705883,
        0.3843137254901961
    ],
    "BONE_ADIPOCYTES": [
        0.7019607843137254,
        0.7019607843137254,
        0.7019607843137254
    ],
    "BONE_MYELOID": [
        0.9058823529411765,
        0.5411764705882353,
        0.7647058823529411
    ],
    "BONE_VASCULATURE": [
        0.6509803921568628,
        0.8470588235294118,
        0.32941176470588235
    ],
    "HIF1A_IMMUNE": [
        1.0,
        0.8509803921568627,
        0.1843137254901961
    ],
    "PC_MYELOID": [
        0.8980392156862745,
        0.7686274509803922,
        0.5803921568627451
    ],
    "PC_OXPHOS": [
        0.5529411764705883,
        0.6274509803921569,
        0.796078431372549
    ],
    "PROLIF_GLYC": [
        0.6352941176470588,
        0.9058823529411765,
        1.0
    ]
}