{
    "Adipocytes": [
        0.6196078431372549,
        0.1568627450980392,
        1.0
    ],
    "CD4 T": [
        0.0,
        0.7450980392156863,
        0.7607843137254902
    ],
    "CD8 T": [
        0.0,
        0.5411764705882353,
        0.0
    ],
    "DCs": [
        0.9529411764705882,
        0.42745098039215684,
        1.0
    ],
    "Endothelial": [
        1.0,
        0.6352941176470588,
        0.20784313725490197
    ],
    "HLA-DR+ Macs/monos": [
        0.6666666666666666,
        0.984313725490196,
        0.0
    ],
    "HSPCs": [
        0.0,
        0.36470588235294116,
        0.36470588235294116
    ],
    "MPO+": [
        0.5882352941176471,
        0.7137254901960784,
        0.4588235294117647
    ],
    "Macs/monos": [
        0.36470588235294116,
        0.23921568627450981,
        0.01568627450980392
    ],
    "Neutrophils": [
        0.03137254901960784,
        0.0,
        0.5411764705882353
    ],
    "OB/RUNX2+": [
        0.09411764705882353,
        0.4117647058823529,
        1.0
    ],
    "Osteoclasts": [
        0.8235294117647058,
        0.09411764705882353,
        0.12549019607843137
    ],
    "Osteocytes": [
        0.6352941176470588,
        0.6823529411764706,
        1.0
    ],
    "PCs": [
        0.44313725490196076,
        0.0,
        0.4745098039215686
    ],
    "Unknown": [
        0.6039215686274509,
        0.49019607843137253,
        0.5098039215686274
    ]
}